{"cameraMode":{"drawMode":0,"name":"Shaded","section":"Shading Mode"},"sceneLighting":false,"audioPlay":false,"sceneViewState":{"showFog":false,"showMaterialUpdate":false,"showSkybox":false,"showFlares":false,"showImageEffects":false,"showParticleSystems":false},"in2DMode":false,"pivot":{"x":-1.0204048156738282,"y":0.6606025695800781,"z":5.25410795211792},"rotation":{"x":0.41868457198143008,"y":-0.21570494771003724,"z":0.10227786749601364,"w":0.876365065574646},"size":5.323215961456299,"orthographic":false}